<?xml version="1.0"?>

<!DOCTYPE hibernate-mapping PUBLIC

"-//Hibernate/Hibernate Mapping DTD 3.0//EN"

"http://hibernate.sourceforge.net/hibernate-mapping-3.0.dtd">



<hibernate-mapping>



	<class name="com.cms.deloitte.model.Product" table="hr.ProductApplication">

	

		<id name="productId" column="productId">

			<generator class="assigned"/>

		</id>



		<property name="productName" column="productName" />
		<property name="qoh" column="qoh" />
		
		<property name="price"></property>

	



	</class>

</hibernate-mapping>